GIACR,Modern,Formats
Achelpohl,Achelpohl,1
Achelpohl,Achelpohl,1
Achelpohl,Achelpohl,1
Achelpohl,Achelpohl,1
Achelpohl,Achelpohl,1
Achelpohl,Achelpohl,1
Achelpohl,Achelpohl,1
Achelpohl,Achelpohl,1
Achelpohl,Achelpohl,1
Achelpohl,Achelpohl,1
Achelpohl,Achelpohl,1
Achelpohl,Achelpohl,1
Achelpohl,Achelpohl,1
Achelpohl,Achelpohl,1
Achelpohl,Achelpohl,1
Achelpohl,Achelpohl,1
Achelpohl,Achelpohl,1
Achelpohl,Achelpohl,1
Achelpohl,Achelpohl,1
Achelpohl,Achelpohl,1
Achelpohl,Achelpohl,1
Achelpohl,Achelpohl,1
Achelpohl,Achelpohl,1
Achelpohl,Achelpohl,1
Achelpohl,Achelpohl,1
Achelpohl,Achelpohl,1
Achelpohl,Achelpohl,1
Achelpohl,Achelpohl,1
Achelpohl,Achelpohl,1
Achelpohl,Achelpohl,1
Achelpohl,Achelpohl,1
Achelpohl,Achelpohl,1
Achelpohl,Achelpohl,1
Achelpohl,Achelpohl,1
Achelpohl,Achelpohl,1
Achelpohl,Achelpohl,1
Achelpohl,Achelpohl,1
Achelpohl,Achelpohl,1
Achelpohl,Achelpohl,1
Achelpohl,Achelpohl,1
Achelpohl,Achelpohl,1
Achelpohl,Achelpohl,1
Achelpohl,Achelpohl,1
Achelpohl,Achelpohl,1
Achelpohl,Achelpohl,1
Achelpohl,Achelpohl,1
Achelpohl,Achelpohl,1
Achelpohl,Achelpohl,1
Achelpohl,Achelpohl,1
Achelpohl,Achelpohl,1
Achelpohl,Achelpohl,1
Achelpohl,Achelpohl,1
Achelpohl,Achelpohl,1
Altenhoehner,Altenhöhner,2
Arkebauer,Arkebauer,2
Armbruester,Armbrüster,2
Baehner,Bähner,2
Bauer,Bauer,2
Bauswein,Bauswein,1
Beuer,Beuer,2
Boehme,Böhme,2
Boehmer,Böhmer,2
Boening,Böning,2
Boettcher,Böttcher,2
Boetting,Bötting,2
Bosselmann,Bosselmann,2
Bosselmann,Boßelmann,2
Braunmueller,Braunmüller,2
Bruder,Bruder,1
Brueggemann,Brüggemann,2
Bruening,Brüning,2
Brutschi,Brutschi,1
Dassler,Dassler,2
Dassler,Daßler,2
Diemer,Diemer,1
Doerfler,Dörfler,2
Doering,Döring,2
Dressing,Dreßing,2
Duenkel,Dünkel,2
Esser,Esser,2
Esser,Eßer,2
Foehr,Föhr,2
Foelker,Fölker,2
Froehlich,Fröhlich,2
Fruechtnicht,Früchtnicht,2
Fuerhof,Fürhof,2
Giesselmann,Gießelmann,2
Goebel,Göbel,2
Goehring,Göhring,2
Goessling,Gößling,2
Goethlin,Göthlin,2
Gollwitzer,Gollwitzer,1
Grosse,Große,2
Grueling,Grüling,2
Gruenkemeier,Grünkemeier,2
Guenther,Günther,2
Guesstfeld,Güßfeld,2
Haeckel,Häckel,2
Haehnlein,Hähnlein,2
Haesemeyer,Häsemeyer,2
Haeublein,Häublein,2
Hagedorn,Achelpohl,1
Hagedorn,Achelpohl,1
Hagedorn,Achelpohl,1
Hagedorn,Achelpohl,1
Hagedorn,Achelpohl,1
Hagedorn,Achelpohl,1
Hagedorn,Achelpohl,1
Hagedorn,Achelpohl,1
Hagedorn,Achelpohl,1
Hagedorn,Achelpohl,1
Hagedorn,Achelpohl,1
Hagedorn,Achelpohl,1
Hagedorn,Achelpohl,1
Hagedorn,Achelpohl,1
Hagedorn,Achelpohl,1
Hagedorn,Achelpohl,1
Hagedorn,Achelpohl,1
Hagedorn,Achelpohl,1
Hagedorn,Achelpohl,1
Hagedorn,Achelpohl,1
Hagedorn,Achelpohl,1
Hagedorn,Achelpohl,1
Hagedorn,Achelpohl,1
Hagedorn,Achelpohl,1
Hagedorn,Achelpohl,1
Hagedorn,Achelpohl,1
Hagedorn,Achelpohl,1
Hagedorn,Achelpohl,1
Hagedorn,Achelpohl,1
Hagedorn,Achelpohl,1
Hagedorn,Achelpohl,1
Hagedorn,Achelpohl,1
Hagedorn,Achelpohl,1
Hagedorn,Achelpohl,1
Hagedorn,Achelpohl,1
Hagedorn,Achelpohl,1
Hagedorn,Achelpohl,1
Hagedorn,Achelpohl,1
Hagedorn,Achelpohl,1
Hagedorn,Achelpohl,1
Hagedorn,Achelpohl,1
Hagedorn,Achelpohl,1
Hagedorn,Achelpohl,1
Hagedorn,Achelpohl,1
Hagedorn,Achelpohl,1
Hagedorn,Achelpohl,1
Hagedorn,Achelpohl,1
Hagedorn,Achelpohl,1
Hagedorn,Achelpohl,1
Hagedorn,Achelpohl,1
Hagedorn,Achelpohl,1
Hagedorn,Achelpohl,1
Hagedorn,Achelpohl,1
Hagedorn,Achelpohl,1
Hagedorn,Achelpohl,1
Hagedorn,Achelpohl,1
Hagedorn,Bull,1
Hagedorn,Bull,1
Hagedorn,Bull,1
Hagedorn,Bull,1
Hagedorn,Bull,1
Hagedorn,Bull,1
Hagedorn,Bull,1
Hagedorn,Bull,1
Hagedorn,Bull,1
Hagedorn,Bull,1
Hagedorn,Bull,1
Hagedorn,Bull,1
Hagedorn,Bull,1
Hagedorn,Bull,1
Hagedorn,Bull,1
Hagedorn,Bull,1
Hagedorn,Bull,1
Hagedorn,Bull,1
Hagedorn,Bull,1
Hagedorn,Bull,1
Hagedorn,Bull,1
Hagedorn,Bull,1
Hagedorn,Bull,1
Hagedorn,Bull,1
Hagedorn,Bull,1
Hagedorn,Bull,1
Hagedorn,Bull,1
Hagedorn,Bull,1
Hagedorn,Bull,1
Hagedorn,Bull,1
Hagedorn,Bull,1
Hagedorn,Bull,1
Hagedorn,Bull,1
Hagedorn,Bull,1
Hagedorn,Bull,1
Hagedorn,Bull,1
Hagedorn,Bull,1
Hagedorn,Bull,1
Hagedorn,Bull,1
Hagedorn,Bull,1
Hagedorn,Bull,1
Hagedorn,Bull,1
Hagedorn,Bull,1
Hagedorn,Bull,1
Hagedorn,Bull,1
Hagedorn,Bull,1
Hagedorn,Bull,1
Hagedorn,Bull,1
Hagedorn,Bull,1
Hagedorn,Bull,1
Hagedorn,Bull,1
Hagedorn,Bull,1
Hagedorn,Bull,1
Hagedorn,Bull,1
Hagedorn,Bull,1
Hagedorn,Bull,1
Hagedorn,Bull,1
Hagedorn,Bull,1
Hagedorn,Bull,1
Hagedorn,Bull,1
Hagedorn,Bull,1
Hagedorn,Bull,1
Hagedorn,Bull,1
Hagedorn,Bull,1
Hagedorn,Bull,1
Hagedorn,Bull,1
Hagedorn,Bull,1
Hagedorn,Bull,1
Hagedorn,Bull,1
Hagedorn,Bull,1
Hagedorn,Bull,1
Hagedorn,Bull,1
Hagedorn,Bull,1
Hagedorn,Bull,1
Hagedorn,Bull,1
Hagedorn,Bull,1
Hagedorn,Bull,1
Hagedorn,Bull,1
Hagedorn,Bull,1
Hagedorn,Bull,1
Hagedorn,Bull,1
Hagedorn,Bull,1
Hagedorn,Bull,1
Hagedorn,Bull,1
Hagedorn,Bull,1
Hagedorn,Bull,1
Hagedorn,Bull,1
Hagedorn,Bull,1
Hagedorn,Bull,1
Hagedorn,Bull,1
Hagedorn,Bull,1
Hagedorn,Bull,1
Hagedorn,Bull,1
Hagedorn,Bull,1
Hagedorn,Bull,1
Hagedorn,Bull,1
Hagedorn,Bull,1
Hagedorn,Bull,1
Hagedorn,Bull,1
Hagedorn,Bull,1
Hagedorn,Bull,1
Hagedorn,Bull,1
Hagedorn,Bull,1
Hagedorn,Bull,1
Hagedorn,Bünger,2
Hagedorn,Gorath,1
Hagedorn,Gorg,1
Hagedorn,Göttjen,2
Hagedorn,Grabemann,1
Hagedorn,Graf,1
Hagedorn,Grager,1
Hagedorn,Grammann,1
Hagedorn,Grannemann,1
Hagedorn,Gratz,1
Hagedorn,Grau,1
Hagedorn,Grauben,1
Hagedorn,Grebe,1
Hagedorn,Gredy,1
Hagedorn,Grimm,1
Hagedorn,Gronefeld,1
Hagedorn,Groppel,1
Hagedorn,Grote,1
Hagedorn,Gruner,1
Hagedorn,Haas,1
Hagedorn,Haas,1
Hagedorn,Haas,1
Hagedorn,Hagedorn,1
Hagedorn,Händel,2
Hagemann,Hagemann,1
Hahn,Hahn,1
Hahn,Hahn,1
Hake,Hake,1
Hakemann,Hakemann,1
Hallemeier,Hallemeier,1
Hallenberg,Hallenberg,1
Hamann,Hamann,1
Hamfelder,Hamfelder,1
Hammer,Hammer,1
Hammersen,Hammersen,1
Hammez,Hammez,1
Hampe,Hampe,1
Haneisen,Haneisen,1
Hannfelder,Hannfelder,1
Hannsen,Hannsen,1
Hansjuergen,Hansjürgen,2
Harless,Harleß,2
Harmeren,Harmeren,1
Harms,Harms,1
Harnagel,Harnagel,1
Harre,Harre,1
Hartung,Hartung,1
Hassfurther,Haßfurther,2
Hattmann,Hattmann,1
Haueisen,Haueisen,1
Hauser,Hauser,1
Hauser,Hauser,1
Hauser,Hauser,1
Hauser,Hauser,1
Hauser,Hauser,1
Hauser,Hauser,1
Hauser,Hauser,1
Hauser,Hauser,1
Hauser,Hauser,1
Hauser,Hauser,1
Hauser,Hauser,1
Hauser,Hauser,1
Hauser,Hauser,1
Hauser,Hauser,1
Hauser,Hauser,1
Hauser,Hauser,1
Hauser,Hauser,1
Hauser,Hauser,1
Hauser,Hauser,1
Hauser,Hauser,1
Hauser,Hauser,1
Hauser,Hauser,1
Hauser,Hauser,1
Hauser,Hauser,1
Hauser,Hauser,1
Hauser,Hauser,1
Hauser,Hauser,1
Hauser,Hauser,1
Hauser,Hauser,1
Hauser,Hauser,1
Hauser,Hauser,1
Hauser,Hauser,1
Hauser,Hauser,1
Hauser,Hauser,1
Hauser,Hauser,1
Hauser,Hauser,1
Hauser,Hauser,1
Hauser,Hauser,1
Hauser,Hauser,1
Hauser,Hauser,1
Hauser,Hauser,1
Hauser,Hauser,1
Hauser,Hauser,1
Hauser,Hauser,1
Hauser,Hauser,1
Hauser,Hauser,1
Hauser,Hauser,1
Hauser,Hauser,1
Hauser,Hauser,1
Hauser,Hauser,1
Hauser,Hauser,1
Hauser,Hauser,1
Hauser,Hauser,1
Hauser,Hauser,1
Hauser,Hauser,1
Hauser,Hauser,1
Hauser,Hauser,1
Hauser,Hauser,1
Hauser,Hauser,1
Hauser,Hauser,1
Hauser,Hauser,1
Hauser,Hauser,1
Hauser,Hauser,1
Hauser,Hauser,1
Hauser,Hauser,1
Hauser,Hauser,1
Hauser,Hauser,1
Hauser,Hauser,1
Hauser,Hauser,1
Hauser,Hauser,1
Hauser,Hauser,1
Hauser,Hauser,1
Hauser,Hauser,1
Hauser,Hauser,1
Hauser,Hauser,1
Hauser,Hauser,1
Hauser,Hauser,1
Hauser,Hauser,1
Hauser,Hauser,1
Hauser,Hauser,1
Hauser,Hauser,1
Hauser,Hauser,1
Hauser,Hauser,1
Hauser,Hauser,1
Hauser,Hauser,1
Hauser,Hauser,1
Hauser,Hauser,1
Hauser,Hauser,1
Hauser,Hauser,1
Hauser,Hauser,1
Hauser,Hauser,1
Hauser,Hauser,1
Hauser,Hauser,1
Hauser,Hauser,1
Hauser,Hauser,1
Hauser,Hauser,1
Hauser,Hauser,1
Hauser,Hauser,1
Hauser,Hauser,1
Hauser,Hauser,1
Hauser,Hauser,1
Hauser,Hauser,1
Hauser,Hauser,1
Hauser,Hauser,1
Hauser,Hauser,1
Hauser,Hauser,1
Hauser,Hauser,1
Hauser,Hauser,1
Hauser,Hauser,1
Hauser,Hauser,1
Hauser,Hauser,1
Hauser,Hauser,1
Hauser,Hauser,1
Hauser,Hauser,1
Hauser,Hauser,1
Hauser,Hauser,1
Hauser,Hauser,1
Hauser,Hauser,1
Hauser,Hauser,1
Hauser,Hauser,1
Hauser,Hauser,1
Hauser,Hauser,1
Hauser,Hauser,1
Hauser,Hauser,1
Hauser,Hauser,1
Hauser,Hauser,1
Hauser,Hauser,1
Hauser,Hauser,1
Hauser,Hauser,1
Hauser,Hauser,1
Hauser,Hauser,1
Hauser,Hauser,1
Hauser,Hauser,1
Hauser,Hauser,1
Hauser,Hauser,1
Hauser,Hauser,1
Hauser,Hauser,1
Hauser,Hauser,1
Hauser,Hauser,1
Hauser,Hauser,1
Hauser,Hauser,1
Hauser,Hauser,1
Hauser,Hauser,1
Hauser,Hauser,1
Hauser,Hauser,1
Hauser,Hauser,1
Hauser,Hauser,1
Hauser,Hauser,1
Hauser,Hauser,1
Hauser,Hauser,1
Hauser,Hauser,1
Hauser,Hauser,1
Hauser,Hauser,1
Hauser,Hauser,1
Hauser,Hauser,1
Hauser,Hauser,1
Hauser,Hauser,1
Hauser,Hauser,1
Hauser,Hauser,1
Hauser,Hauser,1
Hauser,Hauser,1
Hauser,Hauser,1
Hauser,Hauser,1
Hauser,Hauser,1
Hauser,Hauser,1
Hauser,Hauser,1
Hauser,Hauser,1
Hauser,Hauser,1
Hauser,Hauser,1
Hauser,Hauser,1
Hauser,Hauser,1
Hauser,Hauser,1
Hauser,Hauser,1
Hauser,Hauser,1
Hauser,Hauser,1
Hauser,Hauser,1
Hauser,Hauser,1
Hauser,Hauser,1
Hauser,Hauser,1
Hauser,Hauser,1
Hauser,Hauser,1
Hauser,Hauser,1
Hauser,Hauser,1
Hauser,Hauser,1
Hauser,Hauser,1
Hauser,Hauser,1
Hauser,Hauser,1
Hauser,Hauser,1
Hauser,Hauser,1
Hauser,Hauser,1
Hauser,Hauser,1
Hauser,Hauser,1
Hauser,Hauser,1
Hauser,Hauser,1
Hauser,Hauser,1
Hauser,Hauser,1
Hauser,Hauser,1
Hauser,Hauser,1
Hauser,Hauser,1
Hauser,Hauser,1
Hauser,Hauser,1
Hauser,Hauser,1
Hauser,Hauser,1
Hauser,Hauser,1
Hauser,Hauser,1
Hauser,Hauser,1
Hauser,Hauser,1
Hauser,Hauser,1
Hauser,Hauser,1
Hauser,Hauser,1
Hauser,Hauser,1
Hauser,Hauser,1
Hauser,Hauser,1
Hauser,Hauser,1
Hauser,Hauser,1
Hauser,Hauser,1
Hauser,Hauser,1
Hauser,Hauser,1
Hauser,Hauser,1
Hauser,Hauser,1
Hauser,Hauser,1
Hauser,Hauser,1
Hauser,Hauser,1
Hauser,Hauser,1
Hauser,Hauser,1
Hauser,Hauser,1
Hauser,Hauser,1
Hauser,Hauser,1
Hauser,Hauser,1
Hauser,Hauser,1
Hauser,Hauser,1
Hauser,Hauser,1
Hauser,Hauser,1
Hauser,Hauser,1
Hauser,Hauser,1
Hauser,Hauser,1
Hauser,Hauser,1
Hauser,Hauser,1
Hauser,Hauser,1
Hauser,Hauser,1
Hauser,Hauser,1
Hauser,Hauser,1
Hauser,Hauser,1
Hauser,Hauser,1
Hauser,Hauser,1
Hauser,Hauser,1
Hauser,Hauser,1
Hauser,Hauser,1
Hauser,Hauser,1
Hauser,Hauser,1
Hauser,Hauser,1
Hauser,Hauser,1
Hauser,Hauser,1
Hauser,Hauser,1
Hauser,Hauser,1
Hauser,Hauser,1
Hauser,Hauser,1
Hauser,Hauser,1
Hauser,Hauser,1
Hauser,Hauser,1
Hauser,Hauser,1
Hauser,Hauser,1
Hauser,Hauser,1
Hauser,Hauser,1
Hauser,Hauser,1
Hauser,Hauser,1
Hauser,Hauser,1
Hauser,Hauser,1
Hauser,Hauser,1
Hauser,Hauser,1
Hauser,Hauser,1
Hauser,Hauser,1
Hauser,Hauser,1
Hauser,Hauser,1
Hauser,Hauser,1
Hauser,Hauser,1
Hauser,Hauser,1
Hauser,Hauser,1
Hauser,Hauser,1
Hauser,Hauser,1
Hauser,Hauser,1
Hauser,Hauser,1
Hauser,Hauser,1
Hauser,Hauser,1
Hauser,Hauser,1
Hauser,Hauser,1
Hauser,Hauser,1
Hauser,Hauser,1
Hauser,Hauser,1
Hauser,Hauser,1
Hauser,Hauser,1
Hauser,Hauser,1
Hauser,Hauser,1
Hauser,Hauser,1
Hauser,Hauser,1
Hauser,Hauser,1
Hauser,Hauser,1
Hauser,Hauser,1
Hauser,Hauser,1
Hauser,Hauser,1
Hauser,Hauser,1
Hauser,Hauser,1
Hauser,Hauser,1
Hauser,Hauser,1
Hauser,Hauser,1
Hauser,Hauser,1
Hauser,Hauser,1
Hauser,Hauser,1
Hauser,Hauser,1
Hauser,Hauser,1
Hauser,Hauser,1
Hauser,Hauser,1
Hauser,Hauser,1
Hauser,Hauser,1
Hauser,Hauser,1
Hauser,Hauser,1
Hauser,Hauser,1
Hauser,Hauser,1
Hauser,Hauser,1
Hauser,Hauser,1
Hauser,Hauser,1
Hauser,Hauser,1
Hauser,Hauser,1
Hauser,Hauser,1
Hauser,Hauser,1
Hauser,Hauser,1
Hauser,Hauser,1
Hauser,Hauser,1
Hauser,Hauser,1
Hauser,Hauser,1
Hauser,Hauser,1
Hauser,Hauser,1
Hauser,Hauser,1
Hauser,Hauser,1
Hauser,Hauser,1
Hauser,Hauser,1
Hauser,Hauser,1
Hauser,Hauser,1
Hauser,Hauser,1
Hauser,Hauser,1
Hauser,Hauser,1
Hauser,Hauser,1
Hauser,Hauser,1
Hauser,Hauser,1
Hauser,Hauser,1
Hauser,Hauser,1
Hauser,Hauser,1
Hauser,Hauser,1
Hauser,Hauser,1
Hauser,Hauser,1
Hauser,Hauser,1
Hauser,Hauser,1
Hauser,Hauser,1
Hauser,Hauser,1
Hauser,Hauser,1
Hauser,Hauser,1
Hauser,Hauser,1
Hauser,Hauser,1
Hauser,Hauser,1
Hauser,Hauser,1
Hauser,Hauser,1
Hauser,Hauser,1
Hauser,Hauser,1
Hauser,Hauser,1
Hauser,Hauser,1
Hauser,Hauser,1
Hauser,Hauser,1
Hauser,Hauser,1
Hauser,Hauser,1
Hauser,Hauser,1
Hauser,Hauser,1
Hauser,Hauser,1
Hauser,Hauser,1
Hauser,Hauser,1
Hauser,Hauser,1
Hauser,Hauser,1
Hauser,Hauser,1
Hauser,Hauser,1
Hauser,Hauser,1
Hauser,Hauser,1
Hauser,Hauser,1
Hauser,Hauser,1
Hauser,Hauser,1
Hauser,Hauser,1
Hauser,Hauser,1
Hauser,Hauser,1
Hauser,Hauser,1
Hauser,Hauser,1
Hauser,Hauser,1
Hauser,Hauser,1
Hauser,Hauser,1
Hauser,Hauser,1
Hauser,Hauser,1
Hauser,Hauser,1
Hauser,Hauser,1
Hauser,Hauser,1
Hauser,Hauser,1
Hauser,Hauser,1
Hauser,Hauser,1
Hauser,Hauser,1
Hauser,Hauser,1
Hauser,Hauser,1
Hauser,Hauser,1
Hauser,Hauser,1
Hauser,Hauser,1
Hauser,Hauser,1
Hauser,Hauser,1
Hauser,Hauser,1
Hauser,Hauser,1
Hauser,Hauser,1
Hauser,Hauser,1
Hauser,Hauser,1
Hauser,Hauser,1
Hauser,Hauser,1
Hauser,Hauser,1
Hauser,Hauser,1
Hauser,Hauser,1
Hauser,Hauser,1
Hauser,Hauser,1
Hauser,Hauser,1
Hauser,Hauser,1
Hauser,Hauser,1
Hauser,Hauser,1
Hauser,Hauser,1
Hauser,Hauser,1
Hauser,Hauser,1
Hauser,Hauser,1
Hauser,Hauser,1
Hauser,Hauser,1
Hauser,Hauser,1
Hauser,Hauser,1
Hauser,Hauser,1
Hauser,Hauser,1
Hauser,Hauser,1
Hauser,Hauser,1
Hauser,Hauser,1
Hauser,Hauser,1
Hauser,Hauser,1
Hauser,Hauser,1
Hauser,Hauser,1
Hauser,Hauser,1
Hauser,Hauser,1
Hauser,Hauser,1
Hauser,Hauser,1
Hauser,Hauser,1
Hauser,Hauser,1
Hauser,Hauser,1
Hauser,Hauser,1
Hauser,Hauser,1
Hauser,Hauser,1
Hauser,Hauser,1
Hauser,Hauser,1
Hauser,Hauser,1
Hauser,Hauser,1
Hauser,Hauser,1
Hauser,Hauser,1
Hauser,Hauser,1
Hauser,Hauser,1
Hauser,Hauser,1
Hauser,Hauser,1
Hauser,Hauser,1
Hauser,Hauser,1
Hauser,Hauser,1
Hauser,Hauser,1
Hauser,Hauser,1
Hauser,Hauser,1
Hauser,Hauser,1
Hauser,Hauser,1
Hauser,Hauser,1
Hauser,Hauser,1
Hauser,Hauser,1
Hauser,Hauser,1
Hauser,Hauser,1
Hauser,Hauser,1
Hauser,Hauser,1
Hauser,Hauser,1
Hauser,Hauser,1
Hauser,Hauser,1
Hauser,Hauser,1
Hauser,Hauser,1
Hauser,Hauser,1
Hauser,Hauser,1
Hauser,Hauser,1
Hauser,Hauser,1
Hauser,Hauser,1
Hauser,Hauser,1
Hauser,Hauser,1
Hauser,Hauser,1
Hauser,Hauser,1
Hauser,Hauser,1
Hauser,Hauser,1
Hauser,Hauser,1
Hauser,Hauser,1
Hauser,Hauser,1
Hauser,Hauser,1
Hauser,Hauser,1
Hauser,Hauser,1
Hauser,Hauser,1
Hauser,Hauser,1
Hauser,Hauser,1
Hauser,Hauser,1
Hauser,Hauser,1
Hauser,Hauser,1
Hauser,Hauser,1
Hauser,Hauser,1
Hauser,Hauser,1
Hauser,Hauser,1
Hauser,Hauser,1
Hauser,Hauser,1
Hauser,Hauser,1
Hauser,Hauser,1
Hauser,Hauser,1
Hauser,Hauser,1
Hauser,Hauser,1
Hauser,Hauser,1
Hauser,Hauser,1
Hauser,Hauser,1
Hauser,Hauser,1
Hauser,Hauser,1
Hauser,Hauser,1
Hauser,Hauser,1
Hauser,Hauser,1
Hauser,Hauser,1
Hauser,Hauser,1
Hauser,Hauser,1
Hauser,Hauser,1
Hauser,Hauser,1
Hauser,Hauser,1
Hauser,Hauser,1
Hauser,Hauser,1
Hauser,Hauser,1
Hauser,Hauser,1
Hauser,Hauser,1
Hauser,Hauser,1
Hauser,Hauser,1
Hauser,Hauser,1
Hauser,Hauser,1
Hauser,Hauser,1
Hauser,Hauser,1
Hertaus,Hertaus,1
Hintebrock,Hintebrock,1
Hoehn,Höhn,2
Hoehnefeld,Höhnefeld,2
Hoelzel,Hölzel,2
Hoepfner,Höpfner,2
Hoermann,Hörmann,2
Hogendahl,Hogendahl,1
Hollaender,Holländer,2
Huecker,Hücker,2
Jaeck,Jäck,2
Jaeger,Jäger,2
Jahreis,Jahreis,1
Johannes,Johannes,1
Juch,Juch,1
Kaemper,Kämpfer,2
Kaesemann,Käsemann,2
Kaltwasser,Kaltwasser,2
Kassel,Kassel,2
Klingelhoefer,Klingelhöfer,2
Kniess,Knieß,1
Koecher,Köcher,2
Koehler,Köhler,2
Koelling,Kölling,2
Koenemann,Könemann,2
Koenig,König,2
Koeppen,Köppen,2
Koerzdoerfer,Körzdörfer,2
Koester,Köster,2
Koetz,Kötz,2
Kohnle,Kohnle,2
Kolass,Kolaß,2
Kraemer,Krämer,2
Kruempfer,Krümpfer,2
Kuech,Küch,2
Kueck,Kück,2
Kuethe,Küthe,2
Laetsch,Lätsch,2
Lang,Lang,1
Lauenstein,Lauenstein,2
Lause,Lause,1
Leimkuehler,Leimkühler,2
Lochmueller,Lochmüller,2
Luebben,Lübben,2
Luedecke,Lüdecke,2
Luedecke,Lüdecke,2
Luedemann,Lüdemann,2
Lussen,Lussen,2
Maertin,Märtin,2
Marting,Marting,1
Matten,Matten,2
Mauersberger,Mauersberger,2
Meissenbach,Meißenbach,2
Michel,Michel,1
Moelk,Mölk,2
Moeller,Möller,2
Moellering,Möllering,2
Moenkemueller,Mönkemüller,2
Moeser,Möser,2
Muegge,Mügge,2
Mueller,Müller,2
Mussmann,Mußmann,2
Niebruegge,Niebrügge,2
Noeller,Nöller,2
Nuemann,Nümann,2
Nuetzel,Nützel,2
Oehlmann,Öhlmann,2
Oellermann,Öllermann,2
Oelze,Ölze,2
Oertel,Örtel,2
Oerter,Örter,2
Ort,Ort,1
Ortkoetter,Ortkötter,2
Ossel,Ossel,2
Peter,Peter,1
Peters,Peters,1
Petersheim,Petersheim,1
Petrus,Petrus,1
Podeyn,Podeyn,1
Poehner,Pöhner,2
Posser,Posser,2
Prasse,"Prasse, Praße",2
Progl,Progl,1
Pross,Proß,2
Rauchfuss,Rauchfuß,2
Rausser,Rausser,2
Reissen,Reißen,2
Reissner,"Reissner, Reißner",2
Riethmueller,Riethmüller,2
Roeder,Röder,2
Roehring,Röhring,2
Roennecke,Rönnecke,2
Roesler,Rösler,2
Roettger,Röttger,2
Rose,Rose,1
Rosenkoetter,Rosenkötter,2
Ruppel,Ruppel,1
Sandfuss,Sandfuß,2
Sauer,Sauer,2
Schaefer,Schäfer,2
Schaefering,Schäfering,2
Schaeferling,Schäferling,2
Schaeffer,Schäffer,2
Schaeperkoetter,Schäperkötter,2
Scherz,Scherz,1
Schewe,Schewe,1
Schloemann,Schlömann,2
Schlueter,Schlüter,2
Schlueter,Schlüter,2
Schoenbek,Schönbek,2
Schoening,Schöning,2
Schoregge,Schoregge,1
Schroeder,Schröder,2
Schuetz,Schütz,2
Schuldes,Schuldes,1
Schwarzmueller,Schwarzmüller,2
Seiss,Seiß,2
Semel,Semel,1
Sieprasse,Sieprasse,2
Siewing,Siewing,1
Soecker,Söcker,2
Soelter,Sölter,2
Stoener,Stöner,2
Struening,Strüning,2
Suedmeier,Südmeier,2
Taffe,Taffe,1
Terbrueggen,Terbrüggen,2
Tuemmler,Tümmler,2
Voegedings,Vögeding,2
Voerster,Vörster,2
Voss,Voß,2
Wassmann,Waßmann,2
Waussgell,Waußgell,2
Wehmueller,Wehmüller,2
Weihermueller,Weihermüller,2
Weissmueller,Weißmüller,2
Wemhoehner,Wemhöhner,2
Wemhoener,Wemhöner,2
Werry,Werry,1
Wiesler,Wiesler,1
Wissig,Wissig,2
Wissmann,"Wissmann, Wißmann",2